name;type;site;function;reference
mutation;mutation;p.Met246Val;;
mutation;mutation;p.Tyr220Cys;;
mutation;mutation;p.Arg175His;;
mutation;mutation;p.Arg248Gln;;
mutation;mutation;p.Arg248Trp;;
mutation;mutation;p.Glu180Lys;;
mutation;mutation;p.Arg181His;;
mutation;mutation;p.Gly245Ser;;
mutation;mutation;p.Arg273Gly;;
mutation;mutation;p.Arg282Trp;;
mutation;mutation;p.Arg267Gln;;
mutation;mutation;p.Asn235Ser;;
mutation;mutation;p.Ser227Thr;;
mutation;mutation;p.Arg273Cys;;
mutation;mutation;p.Val272Leu;;
mutation;mutation;p.Arg273His;;
mutation;mutation;p.Cys275Tyr;;
mutation;mutation;p.His193Arg;;
mutation;mutation;p.Pro151Ser;;
mutation;mutation;p.Val272Ala;;
mutation;mutation;p.Arg181Leu;;
mutation;mutation;p.Ala138Ser;;
mutation;mutation;p.Thr155Asn;;
mutation;mutation;p.Gln167Lys;;
mutation;mutation;p.Arg174Gly;;
mutation;mutation;p.Ser241Thr;;
mutation;mutation;p.Met133Thr;;
mutation;mutation;p.Glu258Lys;;
mutation;mutation;p.Gly245Cys;;
mutation;mutation;p.Leu257Gln;;
mutation;mutation;p.Tyr163Cys;;
mutation;mutation;p.Cys242Tyr;;
mutation;mutation;p.Arg273Ser;;
mutation;mutation;p.Glu271Val;;
mutation;mutation;p.Glu286Ala;;
mutation;mutation;p.Arg181Cys;;
mutation;mutation;p.Gly245Asp;;
mutation;mutation;p.Ser241Phe;;
mutation;mutation;p.Pro219Ser;;
mutation;mutation;p.Asn235Asp;;
mutation;mutation;p.Pro152Leu;;
mutation;mutation;p.Pro278Leu;;
mutation;mutation;p.Gly154Val;;
mutation;mutation;p.Thr256Ile;;
mutation;mutation;p.Leu265Pro;;
mutation;mutation;p.Ile251Met;;
mutation;mutation;p.His233Asp;;
mutation;mutation;p.Met133Arg;;
mutation;mutation;p.Ala138Pro;;
mutation;mutation;p.Lys132Glu;;
mutation;mutation;p.Arg273Leu;;
mutation;mutation;p.Asp281Val;;
mutation;mutation;p.Arg282Gln;;
mutation;mutation;p.Arg158Gly;;
mutation;mutation;p.Arg213Pro;;
mutation;mutation;p.Arg158His;;
mutation;mutation;p.Ile162Asn;;
mutation;mutation;p.Val197Glu;;
mutation;mutation;p.Arg156His;;
mutation;mutation;p.Arg290His;;
mutation;mutation;p.Cys141Tyr;;
mutation;mutation;p.Arg280Lys;;
mutation;mutation;p.Arg213Gln;;
mutation;mutation;p.Tyr236Cys;;
mutation;mutation;p.Glu285Gln;;
mutation;mutation;p.Arg175Gly;;
mutation;mutation;p.Met237Ile;;
mutation;mutation;p.Pro278Ser;;
mutation;mutation;p.Ser106Arg;;
mutation;mutation;p.Asn210Tyr;;
mutation;mutation;p.Pro151Thr;;
mutation;mutation;p.Tyr220Ser;;
mutation;mutation;p.Gln144Leu;;
mutation;mutation;p.Cys238Ser;;
mutation;mutation;p.Ala189Val;;
mutation;mutation;p.Arg283His;;
mutation;mutation;p.Lys292Ile;;
mutation;mutation;p.Gly245Val;;
mutation;mutation;p.Tyr234Cys;;
mutation;mutation;p.Cys238Tyr;;
mutation;mutation;p.Cys277Tyr;;
mutation;mutation;p.Gly105Cys;;
mutation;mutation;p.Val173Met;;
mutation;mutation;p.Gly244Asp;;
mutation;mutation;p.Val197Met;;
mutation;mutation;p.Arg283Cys;;
mutation;mutation;p.Gly244Val;;
mutation;mutation;p.Asp281Gly;;
mutation;mutation;p.Arg181Pro;;
mutation;mutation;p.Cys238Gly;;
mutation;mutation;p.Pro278Thr;;
mutation;mutation;p.Arg196Pro;;
mutation;mutation;p.Val172Phe;;
mutation;mutation;p.Tyr126Cys;;
mutation;mutation;p.Arg282Gly;;
mutation;mutation;p.Arg175Leu;;
mutation;mutation;p.Arg290Leu;;
mutation;mutation;p.Arg110Leu;;
mutation;mutation;p.Asp281Asn;;
mutation;mutation;p.His179Tyr;;
mutation;mutation;p.His193Pro;;
mutation;mutation;p.Cys275Phe;;
mutation;mutation;p.Glu286Lys;;
mutation;mutation;p.Glu285Val;;
mutation;mutation;p.Thr125Arg;;
mutation;mutation;p.Leu130Phe;;
mutation;mutation;p.Asn131Ser;;
mutation;mutation;p.Ala159Asp;;
mutation;mutation;p.His179Gln;;
mutation;mutation;p.Val197Leu;;
mutation;mutation;p.Ser240Cys;;
mutation;mutation;p.Cys242Arg;;
mutation;mutation;p.Gly244Ser;;
mutation;mutation;p.Ile254Thr;;
mutation;mutation;p.Gly266Glu;;
mutation;mutation;p.Val272Met;;
mutation;mutation;p.Lys132Gln;;
mutation;mutation;p.Gly199Val;;
mutation;mutation;p.Ser241Tyr;;
mutation;mutation;p.Asn131Ile;;
mutation;mutation;p.Leu188Pro;;
mutation;mutation;p.Val143Ala;;
mutation;mutation;p.Ile195Thr;;
mutation;mutation;p.His214Arg;;
mutation;mutation;p.Pro222Leu;;
mutation;mutation;p.Ile232Thr;;
mutation;mutation;p.His214Gln;;
mutation;mutation;p.Pro177Arg;;
mutation;mutation;p.Thr170Met;;
mutation;mutation;p.Ala138Val;;
mutation;mutation;p.Glu285Lys;;
mutation;mutation;p.His193Tyr;;
mutation;mutation;p.Val274Ala;;
mutation;mutation;p.Pro190Leu;;
mutation;mutation;p.Arg110Pro;;
mutation;mutation;p.Asp281Glu;;
mutation;mutation;p.Tyr234His;;
mutation;mutation;p.Val157Ile;;
mutation;mutation;p.Gly279Arg;;
mutation;mutation;p.Arg196Gln;;
mutation;mutation;p.Val143Met;;
mutation;mutation;p.Arg158Cys;;
mutation;mutation;p.Arg202Cys;;
mutation;mutation;p.Pro151Ala;;
mutation;mutation;p.Leu194Phe;;
mutation;mutation;p.Leu130His;;
mutation;mutation;p.Pro278Ala;;
mutation;mutation;p.Arg267Trp;;
mutation;mutation;p.Arg110His;;
mutation;mutation;p.Thr155Ile;;
mutation;mutation;p.Ser127Thr;;
mutation;mutation;p.Leu130Pro;;
mutation;mutation;p.His178Asp;;
mutation;mutation;p.Ile251Leu;;
mutation;mutation;p.Asp281Ala;;
mutation;mutation;p.Val216Met;;
mutation;mutation;p.Pro222Ser;;
mutation;mutation;p.Asp281Tyr;;
mutation;mutation;p.Ile162Phe;;
mutation;mutation;p.His178Gln;;
mutation;mutation;p.Ala189Asp;;
mutation;mutation;p.Met246Thr;;
mutation;mutation;p.Thr125Pro;;
mutation;mutation;p.Ser185Asn;;
mutation;mutation;p.Gly108Ser;;
mutation;mutation;p.Tyr107His;;
mutation;mutation;p.Val157Asp;;
mutation;mutation;p.Phe134Tyr;;
mutation;mutation;p.Arg158Leu;;
mutation;mutation;p.Cys229Arg;;
mutation;mutation;p.Arg248Leu;;
mutation;mutation;p.Arg280Thr;;
mutation;mutation;p.Thr284Ser;;
mutation;mutation;p.Gly108Asp;;
mutation;mutation;p.Thr125Met;;
mutation;mutation;p.His193Asp;;
mutation;mutation;p.Arg282Pro;;
mutation;mutation;p.Ile195Asn;;
mutation;mutation;p.Thr118Ile;;
mutation;mutation;p.Phe134Leu;;
mutation;mutation;p.Val157Gly;;
mutation;mutation;p.Val173Gly;;
mutation;mutation;p.Arg175Cys;;
mutation;mutation;p.Ser215Arg;;
mutation;mutation;p.Cys229Gly;;
mutation;mutation;p.Arg267Pro;;
mutation;mutation;p.Arg290Cys;;
mutation;mutation;p.Lys292Arg;;
mutation;mutation;p.Met246Leu;;
mutation;mutation;p.Ile254Val;;
mutation;mutation;p.Pro190Arg;;
mutation;mutation;p.Gly262Ser;;
mutation;mutation;p.Phe270Leu;;
mutation;mutation;p.Cys275Arg;;
mutation;mutation;p.Ile251Thr;;
mutation;mutation;p.Asp207Gly;;
mutation;mutation;p.Val172Ile;;
mutation;mutation;p.Arg156Cys;;
mutation;mutation;p.Lys132Arg;;
mutation;mutation;p.Ser240Gly;;
mutation;mutation;p.Arg156Pro;;
mutation;mutation;p.Arg181Ser;;
mutation;mutation;p.Val157Phe;;
mutation;mutation;p.Val218Met;;
mutation;mutation;p.Arg280Ser;;
mutation;mutation;p.Cys141Trp;;
mutation;mutation;p.His168Arg;;
mutation;mutation;p.Pro250Leu;;
mutation;mutation;p.Arg249Lys;;
mutation;mutation;p.Ala161Thr;;
mutation;mutation;p.His168Leu;;
mutation;mutation;p.Glu258Ala;;
mutation;mutation;p.His179Arg;;
mutation;mutation;p.Phe109Ser;;
mutation;mutation;p.Cys176Gly;;
mutation;mutation;p.Leu111Pro;;
mutation;mutation;p.Arg249Thr;;
mutation;mutation;p.Cys242Phe;;
mutation;mutation;p.Arg213Leu;;
mutation;mutation;p.Glu287Lys;;
mutation;mutation;p.Ala119Gly;;
mutation;mutation;p.Lys291Arg;;
mutation;mutation;p.Thr256Pro;;
mutation;mutation;p.Pro152Arg;;
mutation;mutation;p.Ser121Thr;;
mutation;mutation;p.Met237Val;;
mutation;mutation;p.Gly105Val;;
mutation;mutation;p.Ser127Pro;;
mutation;mutation;p.Tyr205Cys;;
mutation;mutation;p.Val147Ile;;
mutation;mutation;p.Ser215Gly;;
mutation;mutation;p.Ile254Asn;;
mutation;mutation;p.Val173Ala;;
mutation;mutation;p.Cys176Tyr;;
mutation;mutation;p.Tyr205Asp;;
mutation;mutation;p.Thr125Lys;;
mutation;mutation;p.His179Asp;;
